{
	"info": {
		"_postman_id": "5e64d2e4-8a47-4283-9d99-312c11cdfbd8",
		"name": "ApSl",
		"schema": "https://schema.getpostman.com/json/collection/v2.1.0/collection.json"
	},
	"item": [
		{
			"name": "GetAllSongs",
			"event": [
				{
					"listen": "test",
					"script": {
						"exec": [
							"pm.test(\"Status test\", function() {\r",
							"    pm.response.to.have.status(200);\r",
							"});"
						],
						"type": "text/javascript"
					}
				}
			],
			"request": {
				"method": "GET",
				"header": [],
				"url": {
					"raw": "https://localhost:5001/Song",
					"protocol": "https",
					"host": [
						"localhost"
					],
					"port": "5001",
					"path": [
						"Song"
					]
				}
			},
			"response": []
		},
		{
			"name": "AddNesSong",
			"request": {
				"method": "POST",
				"header": [],
				"body": {
					"mode": "raw",
					"raw": "    {\r\n        \"id\": 6,\r\n        \"title\": \"Tytul 6\",\r\n        \"album\": \"Album 6\",\r\n        \"releaseYear\": 2006\r\n    }",
					"options": {
						"raw": {
							"language": "json"
						}
					}
				},
				"url": {
					"raw": "https://localhost:5001/Song",
					"protocol": "https",
					"host": [
						"localhost"
					],
					"port": "5001",
					"path": [
						"Song"
					]
				}
			},
			"response": []
		},
		{
			"name": "UpdateSong",
			"request": {
				"method": "PUT",
				"header": [],
				"body": {
					"mode": "raw",
					"raw": "    {\r\n        \"id\": 6,\r\n        \"title\": \"Tytul 77\",\r\n        \"album\": \"Album 77\",\r\n        \"releaseYear\": 2006\r\n    }",
					"options": {
						"raw": {
							"language": "json"
						}
					}
				},
				"url": {
					"raw": "https://localhost:5001/Song",
					"protocol": "https",
					"host": [
						"localhost"
					],
					"port": "5001",
					"path": [
						"Song"
					]
				}
			},
			"response": []
		},
		{
			"name": "GetSongById",
			"request": {
				"method": "GET",
				"header": [],
				"url": {
					"raw": "https://localhost:5001/Song/GetSongById?id=6",
					"protocol": "https",
					"host": [
						"localhost"
					],
					"port": "5001",
					"path": [
						"Song",
						"GetSongById"
					],
					"query": [
						{
							"key": "id",
							"value": "6"
						}
					]
				}
			},
			"response": []
		},
		{
			"name": "DeleteSongById",
			"request": {
				"method": "DELETE",
				"header": [],
				"url": {
					"raw": "https://localhost:5001/Song?id=6",
					"protocol": "https",
					"host": [
						"localhost"
					],
					"port": "5001",
					"path": [
						"Song"
					],
					"query": [
						{
							"key": "id",
							"value": "6"
						}
					]
				}
			},
			"response": []
		},
		{
			"name": "GeTSongByIdWhenNotExist",
			"event": [
				{
					"listen": "test",
					"script": {
						"exec": [
							"pm.test(\"Status test\", function() {\r",
							"    pm.response.to.have.status(404);\r",
							"});"
						],
						"type": "text/javascript"
					}
				}
			],
			"request": {
				"method": "GET",
				"header": [],
				"url": {
					"raw": "https://localhost:5001/Song/GetSongById?id=6",
					"protocol": "https",
					"host": [
						"localhost"
					],
					"port": "5001",
					"path": [
						"Song",
						"GetSongById"
					],
					"query": [
						{
							"key": "id",
							"value": "6"
						}
					]
				}
			},
			"response": []
		}
	]
}